"Path","Slice Name","Alias(s)","Label","Min","Max","Must Support?","Is Modifier?","Is Summary?","Type(s)","Short","Definition","Comments","Requirements","Default Value","Meaning When Missing","Fixed Value","Pattern","Example","Minimum Value","Maximum Value","Maximum Length","Binding Strength","Binding Description","Binding Value Set","Code","Slicing Discriminator","Slicing Description","Slicing Ordered","Slicing Rules","Base Path","Base Min","Base Max","Condition(s)","Constraint(s)","Mapping: HL7 v2 Mapping","Mapping: RIM Mapping","Mapping: W5 Mapping"
"ImmunizationRecommendation","","","",0,*,"","","","","AIR next immunisation/s due","Antigen(s) for which an individual is due within the National Immunisation Program, based upon their history of immunisations.","","","","","","","","","",,,,,"",,,,"ImmunizationRecommendation",0,*,"","dom-2:If the resource is contained in another resource, it SHALL NOT contain nested Resources {contained.contained.empty()}
dom-1:If the resource is contained in another resource, it SHALL NOT contain any narrative {contained.text.empty()}dom-4:If a resource is contained in another resource, it SHALL NOT have a meta.versionId or a meta.lastUpdated {contained.meta.versionId.empty() and contained.meta.lastUpdated.empty()}dom-3:If the resource is contained in another resource, it SHALL be referred to from elsewhere in the resource {contained.where(('#'+id in %resource.descendants().reference).not()).empty()}","VXU_V04","Entity. Role, or Act","SubstanceAdministration[moodCode=RMD]","clinical.medication"
"ImmunizationRecommendation.id","","","",0,1,"","","Y","id {[]} {[]}
","Logical id of this artifact","The logical id of the resource, as used in the URL for the resource. Once assigned, this value never changes.","The only time that a resource does not have an id is when it is being submitted to the server using a create operation.","","","","","","","","",,,,,"",,,,"Resource.id",0,1,"",""
"ImmunizationRecommendation.meta","","","",1,1,"","","Y","Meta {[]} {[]}
","Metadata about the resource","The metadata about the resource. This is content that is maintained by the infrastructure. Changes to the content may not always be associated with version changes to the resource.","","","","","","","","","",,,,,"",,,,"Resource.meta",0,1,"","inv-dh-imr-01:One profile shall be 'http://ns.electronichealth.net.au/ci/fhir/StructureDefinition/immunizationrecommendation-air-1' {profile.where($this='http://ns.electronichealth.net.au/ci/fhir/StructureDefinition/immunizationrecommendation-air-1').exists()}
"
"ImmunizationRecommendation.meta.id","","","",0,1,"","","","string {[]} {[]}
","xml:id (or equivalent in JSON)","unique id for the element within a resource (for internal references). This may be any string value that does not contain spaces.","","","","","","","","","",,,,,"",,,,"Element.id",0,1,"","","n/a"
"ImmunizationRecommendation.meta.extension","","extensions
user content","",0,*,"","","","Extension {[]} {[]}
","Additional Content defined by implementations","May be used to represent additional information that is not part of the basic definition of the element. In order to make the use of extensions safe and manageable, there is a strict set of governance  applied to the definition and use of extensions. Though any implementer is allowed to define an extension, there is a set of requirements that SHALL be met as part of the definition of the extension.","There can be no stigma associated with the use of extensions by any application, project, or standard - regardless of the institution or jurisdiction that uses or defines the extensions.  The use of extensions is what allows the FHIR specification to retain a core level of simplicity for everyone.","","","","","","","","",,,,,"","value:url}
","Extensions are always sliced by (at least) url",,"open","Element.extension",0,*,"","","n/a"
"ImmunizationRecommendation.meta.versionId","","","",0,1,"","","Y","id {[]} {[]}
","Version specific identifier","The version specific identifier, as it appears in the version portion of the URL. This values changes when the resource is created, updated, or deleted.","The server assigns this value, and ignores what the client specifies, except in the case that the server is imposing version integrity on updates/deletes.","","","","","","","","",,,,,"",,,,"Meta.versionId",0,1,"",""
"ImmunizationRecommendation.meta.lastUpdated","","","",0,1,"","","Y","instant {[]} {[]}
","When the resource version last changed","When the resource last changed - e.g. when the version changed.","This value is always populated except when the resource is first being created. The server / resource manager sets this value; what a client provides is irrelevant.","","","","","","","","",,,,,"",,,,"Meta.lastUpdated",0,1,"",""
"ImmunizationRecommendation.meta.profile","","","",1,*,"","","Y","uri {[]} {[]}
","Profiles this resource claims to conform to","A list of profiles (references to [StructureDefinition](http://hl7.org/fhir/STU3/structuredefinition.html#) resources) that this resource claims to conform to. The URL is a reference to [StructureDefinition.url](http://hl7.org/fhir/STU3/).","It is up to the server and/or other infrastructure of policy to determine whether/how these claims are verified and/or updated over time.  The list of profile URLs is a set.","","","","","","","","",,,,,"",,,,"Meta.profile",0,*,"",""
"ImmunizationRecommendation.meta.security","","","",0,*,"","","Y","Coding {[]} {[]}
","Security Labels applied to this resource","Security labels applied to this resource. These tags connect specific resources to the overall security policy and infrastructure.","The security labels can be updated without changing the stated version of the resource  The list of security labels is a set. Uniqueness is based the system/code, and version and display are ignored.","","","","","","","","",,"extensible","Security Labels from the Healthcare Privacy and Security Classification System.","http://hl7.org/fhir/ValueSet/security-labels","",,,,"Meta.security",0,*,"",""
"ImmunizationRecommendation.meta.tag","","","",0,*,"","","Y","Coding {[]} {[]}
","Tags applied to this resource","Tags applied to this resource. Tags are intended to be used to identify and relate resources to process and workflow, and applications are not required to consider the tags when interpreting the meaning of a resource.","The tags can be updated without changing the stated version of the resource.  The list of tags is a set. Uniqueness is based the system/code, and version and display are ignored.","","","","","","","","",,"example","Codes that represent various types of tags, commonly workflow-related; e.g. ""Needs review by Dr. Jones""","http://hl7.org/fhir/ValueSet/common-tags","",,,,"Meta.tag",0,*,"",""
"ImmunizationRecommendation.implicitRules","","","",0,1,"","Y","Y","uri {[]} {[]}
","A set of rules under which this content was created","A reference to a set of rules that were followed when the resource was constructed, and which must be understood when processing the content.","Asserting this rule set restricts the content to be only understood by a limited set of trading partners. This inherently limits the usefulness of the data in the long term. However, the existing health eco-system is highly fractured, and not yet ready to define, collect, and exchange data in a generally computable sense. Wherever possible, implementers and/or specification writers should avoid using this element. 

This element is labelled as a modifier because the implicit rules may provide additional knowledge about the resource that modifies it's meaning or interpretation.","","","","","","","","",,,,,"",,,,"Resource.implicitRules",0,1,"",""
"ImmunizationRecommendation.language","","","",0,1,"","","","code {[]} {[]}
","Language of the resource content","The base language in which the resource is written.","Language is provided to support indexing and accessibility (typically, services such as text to speech use the language tag). The html language tag in the narrative applies  to the narrative. The language tag on the resource may be used to specify the language of other presentations generated from the data in the resource  Not all the content has to be in the base language. The Resource.language should not be assumed to apply to the narrative automatically. If a language is specified, it should it also be specified on the div element in the html (see rules in HTML5 for information about the relationship between xml:lang and the html lang attribute).","","","","","","","","",,"extensible","A human language.","http://hl7.org/fhir/ValueSet/languages","",,,,"Resource.language",0,1,"",""
"ImmunizationRecommendation.text","","narrative
htmlxhtmldisplay","",0,1,"","","","Narrative {[]} {[]}
","Text summary of the resource, for human interpretation","A human-readable narrative that contains a summary of the resource, and may be used to represent the content of the resource to a human. The narrative need not encode all the structured data, but is required to contain sufficient detail to make it ""clinically safe"" for a human to just read the narrative. Resource definitions may define what content should be represented in the narrative to ensure clinical safety.","Contained resources do not have narrative. Resources that are not contained SHOULD have a narrative. In some cases, a resource may only have text with little or no additional discrete data (as long as all minOccurs=1 elements are satisfied).  This may be necessary for data from legacy systems where information is captured as a ""text blob"" or where text is additionally entered raw or narrated and encoded in formation is added later.","","","","","","","","",,,,,"",,,,"DomainResource.text",0,1,"dom-1
","","Act.text?"
"ImmunizationRecommendation.contained","","inline resources
anonymous resourcescontained resources","",0,*,"","","","Resource {[]} {[]}
","Contained, inline Resources","These resources do not have an independent existence apart from the resource that contains them - they cannot be identified independently, and nor can they have their own independent transaction scope.","This should never be done when the content can be identified properly, as once identification is lost, it is extremely difficult (and context dependent) to restore it again.","","","","","","","","",,,,,"",,,,"DomainResource.contained",0,*,"","","N/A"
"ImmunizationRecommendation.extension","","extensions
user content","",0,*,"","","","Extension {[]} {[]}
","Additional Content defined by implementations","May be used to represent additional information that is not part of the basic definition of the resource. In order to make the use of extensions safe and manageable, there is a strict set of governance  applied to the definition and use of extensions. Though any implementer is allowed to define an extension, there is a set of requirements that SHALL be met as part of the definition of the extension.","There can be no stigma associated with the use of extensions by any application, project, or standard - regardless of the institution or jurisdiction that uses or defines the extensions.  The use of extensions is what allows the FHIR specification to retain a core level of simplicity for everyone.","","","","","","","","",,,,,"",,,,"DomainResource.extension",0,*,"","","N/A"
"ImmunizationRecommendation.modifierExtension","","extensions
user content","",0,*,"","Y","","Extension {[]} {[]}
","Extensions that cannot be ignored","May be used to represent additional information that is not part of the basic definition of the resource, and that modifies the understanding of the element that contains it. Usually modifier elements provide negation or qualification. In order to make the use of extensions safe and manageable, there is a strict set of governance applied to the definition and use of extensions. Though any implementer is allowed to define an extension, there is a set of requirements that SHALL be met as part of the definition of the extension. Applications processing a resource are required to check for modifier extensions.","There can be no stigma associated with the use of extensions by any application, project, or standard - regardless of the institution or jurisdiction that uses or defines the extensions.  The use of extensions is what allows the FHIR specification to retain a core level of simplicity for everyone.","","","","","","","","",,,,,"",,,,"DomainResource.modifierExtension",0,*,"","","N/A"
"ImmunizationRecommendation.identifier","","","",1,1,"Y","","Y","Identifier {[]} {[]}
","Business identifier","A unique identifier assigned to this particular recommendation record.","","","","","","","","","",,,,,"",,,,"ImmunizationRecommendation.identifier",0,*,"","",".id","id"
"ImmunizationRecommendation.patient","","","",1,1,"Y","","Y","Reference {[]} {[CanonicalType[http://hl7.org.au/fhir/StructureDefinition/au-patient]]}
","Who this profile is for","The patient the recommendations are for.","","","","","","","","","",,,,,"",,,,"ImmunizationRecommendation.patient",1,1,"","","PID-3",".partipication[typeCode=SUBJ].role","who.focus"
"ImmunizationRecommendation.patient.id","","","",0,1,"","","","string {[]} {[]}
","xml:id (or equivalent in JSON)","unique id for the element within a resource (for internal references). This may be any string value that does not contain spaces.","","","","","","","","","",,,,,"",,,,"Element.id",0,1,"","","n/a"
"ImmunizationRecommendation.patient.extension","","extensions
user content","",0,*,"","","","Extension {[]} {[]}
","Additional Content defined by implementations","May be used to represent additional information that is not part of the basic definition of the element. In order to make the use of extensions safe and manageable, there is a strict set of governance  applied to the definition and use of extensions. Though any implementer is allowed to define an extension, there is a set of requirements that SHALL be met as part of the definition of the extension.","There can be no stigma associated with the use of extensions by any application, project, or standard - regardless of the institution or jurisdiction that uses or defines the extensions.  The use of extensions is what allows the FHIR specification to retain a core level of simplicity for everyone.","","","","","","","","",,,,,"","value:url}
","Extensions are always sliced by (at least) url",,"open","Element.extension",0,*,"","","n/a"
"ImmunizationRecommendation.patient.reference","","","",0,1,"","","Y","string {[]} {[]}
","Literal reference, Relative, internal or absolute URL","A reference to a location at which the other resource is found. The reference may be a relative reference, in which case it is relative to the service base URL, or an absolute URL that resolves to the location where the resource is found. The reference may be version specific or not. If the reference is not to a FHIR RESTful server, then it should be assumed to be version specific. Internal fragment references (start with '#') refer to contained resources.","Using absolute URLs provides a stable scalable approach suitable for a cloud/web context, while using relative/logical references provides a flexible approach suitable for use when trading across closed eco-system boundaries.   Absolute URLs do not need to point to a FHIR RESTful server, though this is the preferred approach. If the URL conforms to the structure ""/[type]/[id]"" then it should be assumed that the reference is to a FHIR RESTful server.","","","","","","","","",,,,,"",,,,"Reference.reference",0,1,"ref-1
","","N/A"
"ImmunizationRecommendation.patient.identifier","","","",1,1,"","","Y","Identifier {[]} {[]}
","Individual Healthcare Identifier (IHI)","An identifier for the other resource. This is used when there is no way to reference the other resource directly, either because the entity is not available through a FHIR server, or because there is no way for the author of the resource to convert a known identifier to an actual location. There is no requirement that a Reference.identifier point to something that is actually exposed as a FHIR instance, but it SHALL point to a business concept that would be expected to be exposed as a FHIR instance, and that instance would need to be of a FHIR resource type allowed by the reference.","When an identifier is provided in place of a reference, any system processing the reference will only be able to resolve the identifier to a reference if it understands the business context in which the identifier is used. Sometimes this is global (e.g. a national identifier) but often it is not. For this reason, none of the useful mechanisms described for working with references (e.g. chaining, includes) are possible, nor should servers be expected to be able resolve the reference. Servers may accept an identifier based reference untouched, resolve it, and/or reject it - see CapabilityStatement.rest.resource.referencePolicy. 

When both an identifier and a literal reference are provided, the literal reference is preferred. Applications processing the resource are allowed - but not required - to check that the identifier matches the literal reference

Applications converting a logical reference to a literal reference may choose to leave the logical reference present, or remove it.","","","","","<valueIdentifier xmlns=""http://hl7.org/fhir"">
  <type>
    <coding>
      <system value=""http://hl7.org/fhir/v2/0203""/>
      <code value=""NI""/>
    </coding>
  </type>
  <system value=""http://ns.electronichealth.net.au/id/hi/ihi/1.0""/>
</valueIdentifier>","","","",,,,,"",,,,"Reference.identifier",0,1,"","",".identifier"
"ImmunizationRecommendation.patient.identifier.id","","","",0,1,"","","","string {[]} {[]}
","xml:id (or equivalent in JSON)","unique id for the element within a resource (for internal references). This may be any string value that does not contain spaces.","","","","","","","","","",,,,,"",,,,"Element.id",0,1,"","","n/a"
"ImmunizationRecommendation.patient.identifier.extension","","extensions
user content","",0,*,"","","","Extension {[]} {[]}
","Additional Content defined by implementations","May be used to represent additional information that is not part of the basic definition of the element. In order to make the use of extensions safe and manageable, there is a strict set of governance  applied to the definition and use of extensions. Though any implementer is allowed to define an extension, there is a set of requirements that SHALL be met as part of the definition of the extension.","There can be no stigma associated with the use of extensions by any application, project, or standard - regardless of the institution or jurisdiction that uses or defines the extensions.  The use of extensions is what allows the FHIR specification to retain a core level of simplicity for everyone.","","","","","","","","",,,,,"","value:url}
","Extensions are always sliced by (at least) url",,"open","Element.extension",0,*,"","","n/a"
"ImmunizationRecommendation.patient.identifier.use","","","",0,1,"","Y","Y","code {[]} {[]}
","usual | official | temp | secondary (If known)","The purpose of this identifier.","This is labeled as ""Is Modifier"" because applications should not mistake a temporary id for a permanent one. Applications can assume that an identifier is permanent unless it explicitly says that it is temporary.","Allows the appropriate identifier for a particular context of use to be selected from among a set of identifiers.","","","","","","","",,"required","Identifies the purpose for this identifier, if known .","http://hl7.org/fhir/ValueSet/identifier-use","",,,,"Identifier.use",0,1,"","","N/A","Role.code or implied by context"
"ImmunizationRecommendation.patient.identifier.type","","","",0,1,"","","Y","CodeableConcept {[]} {[]}
","Description of identifier","A coded type for the identifier that can be used to determine which identifier to use for a specific purpose.","This element deals only with general categories of identifiers.  It SHOULD not be used for codes that correspond 1..1 with the Identifier.system. Some identifiers may fall into multiple categories due to common usage. 

Where the system is known, a type is unnecessary because the type is always part of the system definition. However systems often need to handle identifiers where the system is not known. There is not a 1:1 relationship between type and system, since many different systems have the same type.","Allows users to make use of identifiers when the identifier system is not known.","","","","","","","",,"extensible","A coded type for an identifier that can be used to determine which identifier to use for a specific purpose.","http://hl7.org/fhir/ValueSet/identifier-type","",,,,"Identifier.type",0,1,"","","CX.5","Role.code or implied by context"
"ImmunizationRecommendation.patient.identifier.system","","","",0,1,"","","Y","uri {[]} {[]}
","The namespace for the identifier value","Establishes the namespace for the value - that is, a URL that describes a set values that are unique.","","There are many sets  of identifiers.  To perform matching of two identifiers, we need to know what set we're dealing with. The system identifies a particular set of unique identifiers.","","","","","<valueUri xmlns=""http://hl7.org/fhir"" value=""http://www.acme.com/identifiers/patient""/>","","",,,,,"",,,,"Identifier.system",0,1,"","","CX.4 / EI-2-4","II.root or Role.id.root"
"ImmunizationRecommendation.patient.identifier.value","","","",1,1,"","","Y","string {[]} {[]}
","IHI","The portion of the identifier typically relevant to the user and which is unique within the context of the system.","If the value is a full URI, then the system SHALL be urn:ietf:rfc:3986.  The value's primary purpose is computational mapping.  As a result, it may be normalized for comparison purposes (e.g. removing non-significant whitespace, dashes, etc.)  A value formatted for human display can be conveyed using the [Rendered Value extension](http://hl7.org/fhir/STU3/extension-rendered-value.html).","","","","","","<valueString xmlns=""http://hl7.org/fhir"" value=""123456""/>","","",,,,,"",,,,"Identifier.value",0,1,"","","CX.1 / EI.1","II.extension or II.root if system indicates OID or GUID (Or Role.id.extension or root)"
"ImmunizationRecommendation.patient.identifier.period","","","",0,1,"","","Y","Period {[]} {[]}
","Time period when id is/was valid for use","Time period during which identifier is/was valid for use.","","","","","","","","","",,,,,"",,,,"Identifier.period",0,1,"","","CX.7 + CX.8","Role.effectiveTime or implied by context"
"ImmunizationRecommendation.patient.identifier.assigner","","","",0,1,"","","Y","Reference {[]} {[CanonicalType[http://hl7.org/fhir/StructureDefinition/Organization]]}
","Organization that issued id (may be just text)","Organization that issued/manages the identifier.","The Identifier.assigner may omit the .reference element and only contain a .display element reflecting the name or other textual information about the assigning organization.","","","","","","","","",,,,,"",,,,"Identifier.assigner",0,1,"","","CX.4 / (CX.4,CX.9,CX.10)","II.assigningAuthorityName but note that this is an improper use by the definition of the field.  Also Role.scoper"
"ImmunizationRecommendation.patient.display","","","",0,1,"","","Y","string {[]} {[]}
","Text alternative for the resource","Plain text narrative that identifies the resource in addition to the resource reference.","This is generally not the same as the Resource.text of the referenced resource.  The purpose is to identify what's being referenced, not to fully describe it.","","","","","","","","",,,,,"",,,,"Reference.display",0,1,"","","N/A"
"ImmunizationRecommendation.recommendation","","","",1,*,"Y","","Y","BackboneElement {[]} {[]}
","Vaccine administration recommendations","Vaccine administration recommendations.","","","","","","","","","",,,,,"",,,,"ImmunizationRecommendation.recommendation",1,*,"","ele-1:All FHIR elements must have a @value or children {hasValue() | (children().count() > id.count())}
imr-1:One of vaccineCode or targetDisease SHALL be present {vaccineCode.exists() or targetDisease.exists()}",".outboundRelationship[typeCode='COMP'].target[classCode=SBADM, moodCode=RMD]"
"ImmunizationRecommendation.recommendation.id","","","",0,1,"","","","string {[]} {[]}
","xml:id (or equivalent in JSON)","unique id for the element within a resource (for internal references). This may be any string value that does not contain spaces.","","","","","","","","","",,,,,"",,,,"Element.id",0,1,"","","n/a"
"ImmunizationRecommendation.recommendation.extension","","extensions
user content","",0,*,"","","","Extension {[]} {[]}
","Additional Content defined by implementations","May be used to represent additional information that is not part of the basic definition of the element. In order to make the use of extensions safe and manageable, there is a strict set of governance  applied to the definition and use of extensions. Though any implementer is allowed to define an extension, there is a set of requirements that SHALL be met as part of the definition of the extension.","There can be no stigma associated with the use of extensions by any application, project, or standard - regardless of the institution or jurisdiction that uses or defines the extensions.  The use of extensions is what allows the FHIR specification to retain a core level of simplicity for everyone.","","","","","","","","",,,,,"",,,,"Element.extension",0,*,"","","n/a"
"ImmunizationRecommendation.recommendation.modifierExtension","","extensions
user contentmodifiers","",0,*,"","Y","Y","Extension {[]} {[]}
","Extensions that cannot be ignored","May be used to represent additional information that is not part of the basic definition of the element, and that modifies the understanding of the element that contains it. Usually modifier elements provide negation or qualification. In order to make the use of extensions safe and manageable, there is a strict set of governance applied to the definition and use of extensions. Though any implementer is allowed to define an extension, there is a set of requirements that SHALL be met as part of the definition of the extension. Applications processing a resource are required to check for modifier extensions.","There can be no stigma associated with the use of extensions by any application, project, or standard - regardless of the institution or jurisdiction that uses or defines the extensions.  The use of extensions is what allows the FHIR specification to retain a core level of simplicity for everyone.","","","","","","","","",,,,,"",,,,"BackboneElement.modifierExtension",0,*,"","","N/A"
"ImmunizationRecommendation.recommendation.date","","","",1,1,"Y","","Y","dateTime {[]} {[]}
","Date recommendation created","The date the immunization recommendation was created.","","","","","","","","","",,,,,"",,,,"ImmunizationRecommendation.recommendation.date",1,1,"","","OBX-15",".partipication[typeCode=AUTH].time"
"ImmunizationRecommendation.recommendation.vaccineCode","","","",0,1,"","","Y","CodeableConcept {[]} {[]}
","Vaccine recommendation applies to","Vaccine that pertains to the recommendation.","","","","","","","","","",,"example","The type of vaccine administered","http://hl7.org/fhir/ValueSet/vaccine-code","",,,,"ImmunizationRecommendation.recommendation.vaccineCode",0,1,"","","OBX-5 : OBX-3 e { 30956-7 | 38890-0 }",".partipication[typeCode=CSM].role[classCode=ADMM].code"
"ImmunizationRecommendation.recommendation.targetDisease","","","",1,1,"Y","","Y","CodeableConcept {[]} {[]}
","Antigen","The targeted disease for the recommendation.","","","","","","","","","",,"example","The disease that the recommended vaccination targets","http://hl7.org/fhir/ValueSet/immunization-recommendation-target-disease","",,,,"ImmunizationRecommendation.recommendation.targetDisease",0,1,"","","OBX-5 : OBX-3 e { 30956-7 | 38890-0 }",".partipication[typeCode=CSM].role[classCode=ADMM].code"
"ImmunizationRecommendation.recommendation.doseNumber","","","",0,1,"","","Y","positiveInt {[]} {[]}
","Recommended dose number","The next recommended dose number (e.g. dose 2 is the next recommended dose).","May need other dose concepts such as administered vs. valid.","","","","","","","","",,,,,"",,,,"ImmunizationRecommendation.recommendation.doseNumber",0,1,"","","OBX-5 : OBX-3 = 30973-2",".inboundRelationship[typeCode=COMP, .source[classCode=SBADM, moodCode=INT]].sequenceNumber"
"ImmunizationRecommendation.recommendation.forecastStatus","","","",1,1,"","","Y","CodeableConcept {[]} {[]}
","Vaccine administration status","Vaccine administration status.","","","","","<valueCodeableConcept xmlns=""http://hl7.org/fhir"">
  <coding>
    <system value=""http://hl7.org/fhir/v3/NullFlavor""/>
    <code value=""NAVU""/>
  </coding>
</valueCodeableConcept>","","","","",,"example","The patient's status with respect to a vaccination protocol","http://hl7.org/fhir/ValueSet/immunization-recommendation-status","",,,,"ImmunizationRecommendation.recommendation.forecastStatus",1,1,"","","OBX-5 : OBX-3 = 59783-1",".inboundRelationship[typeCode=SUBJ] .source[classCode=OBS, moodCode=EVN, code=""Immunization Forecast Status""].value"
"ImmunizationRecommendation.recommendation.dateCriterion","","","",1,1,"Y","","","BackboneElement {[]} {[]}
","Date due","Vaccine date recommendations.  For example, earliest date to administer, latest date to administer, etc.","","","","","","","","","",,,,,"",,,,"ImmunizationRecommendation.recommendation.dateCriterion",0,*,"","ele-1:All FHIR elements must have a @value or children {hasValue() | (children().count() > id.count())}
","OBX-3: 30980-7 = Next dose recommended, 59777-3 = Latest next dose should be given, 59778-1 = Dose is overdue",".outboundRelationship[typeCode='LIMIT'].target[classCode=OBS, moodCode=EVN, isCriterionInd=true]"
"ImmunizationRecommendation.recommendation.dateCriterion.id","","","",0,1,"","","","string {[]} {[]}
","xml:id (or equivalent in JSON)","unique id for the element within a resource (for internal references). This may be any string value that does not contain spaces.","","","","","","","","","",,,,,"",,,,"Element.id",0,1,"","","n/a"
"ImmunizationRecommendation.recommendation.dateCriterion.extension","","extensions
user content","",0,*,"","","","Extension {[]} {[]}
","Additional Content defined by implementations","May be used to represent additional information that is not part of the basic definition of the element. In order to make the use of extensions safe and manageable, there is a strict set of governance  applied to the definition and use of extensions. Though any implementer is allowed to define an extension, there is a set of requirements that SHALL be met as part of the definition of the extension.","There can be no stigma associated with the use of extensions by any application, project, or standard - regardless of the institution or jurisdiction that uses or defines the extensions.  The use of extensions is what allows the FHIR specification to retain a core level of simplicity for everyone.","","","","","","","","",,,,,"",,,,"Element.extension",0,*,"","","n/a"
"ImmunizationRecommendation.recommendation.dateCriterion.modifierExtension","","extensions
user contentmodifiers","",0,*,"","Y","Y","Extension {[]} {[]}
","Extensions that cannot be ignored","May be used to represent additional information that is not part of the basic definition of the element, and that modifies the understanding of the element that contains it. Usually modifier elements provide negation or qualification. In order to make the use of extensions safe and manageable, there is a strict set of governance applied to the definition and use of extensions. Though any implementer is allowed to define an extension, there is a set of requirements that SHALL be met as part of the definition of the extension. Applications processing a resource are required to check for modifier extensions.","There can be no stigma associated with the use of extensions by any application, project, or standard - regardless of the institution or jurisdiction that uses or defines the extensions.  The use of extensions is what allows the FHIR specification to retain a core level of simplicity for everyone.","","","","","","","","",,,,,"",,,,"BackboneElement.modifierExtension",0,*,"","","N/A"
"ImmunizationRecommendation.recommendation.dateCriterion.code","","","",1,1,"Y","","","CodeableConcept {[]} {[]}
","Type of date","Date classification of recommendation.  For example, earliest date to give, latest date to give, etc.","","","","","","<valueCodeableConcept xmlns=""http://hl7.org/fhir"">
  <coding>
    <system value=""http://hl7.org/fhir/immunization-recommendation-date-criterion""/>
    <code value=""due""/>
  </coding>
</valueCodeableConcept>","","","",,"example","Classifies date criterion with respect to conveying information about a patient's vaccination status (e.g. due date, latest to give date, etc.)","http://hl7.org/fhir/ValueSet/immunization-recommendation-date-criterion","",,,,"ImmunizationRecommendation.recommendation.dateCriterion.code",1,1,"","","OBX-3",".code"
"ImmunizationRecommendation.recommendation.dateCriterion.value","","","",1,1,"Y","","","dateTime {[]} {[]}
","Due date","The date whose meaning is specified by dateCriterion.code.","","","","","","","","","",,,,,"",,,,"ImmunizationRecommendation.recommendation.dateCriterion.value",1,1,"","","OBX-5",".value"
"ImmunizationRecommendation.recommendation.protocol","","","",0,1,"","","","BackboneElement {[]} {[]}
","Protocol used by recommendation","Contains information about the protocol under which the vaccine was administered.","","","","","","","","","",,,,,"",,,,"ImmunizationRecommendation.recommendation.protocol",0,1,"","ele-1:All FHIR elements must have a @value or children {hasValue() | (children().count() > id.count())}
",".inboundRelationship[typeCode=INST].source[classCode=SBADM, moodCode=DEF]"
"ImmunizationRecommendation.recommendation.protocol.id","","","",0,1,"","","","string {[]} {[]}
","xml:id (or equivalent in JSON)","unique id for the element within a resource (for internal references). This may be any string value that does not contain spaces.","","","","","","","","","",,,,,"",,,,"Element.id",0,1,"","","n/a"
"ImmunizationRecommendation.recommendation.protocol.extension","","extensions
user content","",0,*,"","","","Extension {[]} {[]}
","Additional Content defined by implementations","May be used to represent additional information that is not part of the basic definition of the element. In order to make the use of extensions safe and manageable, there is a strict set of governance  applied to the definition and use of extensions. Though any implementer is allowed to define an extension, there is a set of requirements that SHALL be met as part of the definition of the extension.","There can be no stigma associated with the use of extensions by any application, project, or standard - regardless of the institution or jurisdiction that uses or defines the extensions.  The use of extensions is what allows the FHIR specification to retain a core level of simplicity for everyone.","","","","","","","","",,,,,"",,,,"Element.extension",0,*,"","","n/a"
"ImmunizationRecommendation.recommendation.protocol.modifierExtension","","extensions
user contentmodifiers","",0,*,"","Y","Y","Extension {[]} {[]}
","Extensions that cannot be ignored","May be used to represent additional information that is not part of the basic definition of the element, and that modifies the understanding of the element that contains it. Usually modifier elements provide negation or qualification. In order to make the use of extensions safe and manageable, there is a strict set of governance applied to the definition and use of extensions. Though any implementer is allowed to define an extension, there is a set of requirements that SHALL be met as part of the definition of the extension. Applications processing a resource are required to check for modifier extensions.","There can be no stigma associated with the use of extensions by any application, project, or standard - regardless of the institution or jurisdiction that uses or defines the extensions.  The use of extensions is what allows the FHIR specification to retain a core level of simplicity for everyone.","","","","","","","","",,,,,"",,,,"BackboneElement.modifierExtension",0,*,"","","N/A"
"ImmunizationRecommendation.recommendation.protocol.doseSequence","","","",0,1,"","","","positiveInt {[]} {[]}
","Dose number within sequence","Indicates the nominal position in a series of the next dose.  This is the recommended dose number as per a specified protocol.","","","","","","","","","",,,,,"",,,,"ImmunizationRecommendation.recommendation.protocol.doseSequence",0,1,"","","OBX-5 : OBX-3 = 30973-2",".inboundRelationship[typeCode=COMP, .source[classCode=SBADM, moodCode=DEF]].sequenceNumber"
"ImmunizationRecommendation.recommendation.protocol.description","","","",0,1,"","","","string {[]} {[]}
","Protocol details","Contains the description about the protocol under which the vaccine was administered.","","","","","","","","","",,,,,"",,,,"ImmunizationRecommendation.recommendation.protocol.description",0,1,"","","OBX-5 : OBX-3 = 30956-7",".text"
"ImmunizationRecommendation.recommendation.protocol.authority","","","",0,1,"","","","Reference {[]} {[CanonicalType[http://hl7.org/fhir/StructureDefinition/Organization]]}
","Who is responsible for protocol","Indicates the authority who published the protocol.  For example, ACIP.","","","","","","","","","",,,,,"",,,,"ImmunizationRecommendation.recommendation.protocol.authority",0,1,"","","OBX-5 : OBX-3 = 59779-9",".participation[typeCode=AUT]"
"ImmunizationRecommendation.recommendation.protocol.series","","","",0,1,"","","","string {[]} {[]}
","Name of vaccination series","One possible path to achieve presumed immunity against a disease - within the context of an authority.","","","","","","","","","",,,,,"",,,,"ImmunizationRecommendation.recommendation.protocol.series",0,1,"","","RXA-5-administered code",".title"
"ImmunizationRecommendation.recommendation.supportingImmunization","","","",0,*,"","","","Reference {[]} {[CanonicalType[http://hl7.org/fhir/StructureDefinition/Immunization]]}
","Past immunizations supporting recommendation","Immunization event history that supports the status and recommendation.","","","","","","","","","",,,,,"",,,,"ImmunizationRecommendation.recommendation.supportingImmunization",0,*,"","","? No clear way to associate in HL7 v2 or IG",".outboundRelationship[typeCode=RSON].target[classCode=SBADM, moodCode=EVN, code=""immunization""]"
"ImmunizationRecommendation.recommendation.supportingPatientInformation","","","",0,*,"","","","Reference {[]} {[CanonicalType[http://hl7.org/fhir/StructureDefinition/Observation], CanonicalType[http://hl7.org/fhir/StructureDefinition/AllergyIntolerance]]}
","Patient observations supporting recommendation","Patient Information that supports the status and recommendation.  This includes patient observations, adverse reactions and allergy/intolerance information.","","","","","","","","","",,,,,"",,,,"ImmunizationRecommendation.recommendation.supportingPatientInformation",0,*,"","","OBX If OBX is associated with ( RXA : RXA-5-administered code = '998^No vaccine administered^CVX'), could contain the reason the vaccine was not administered",".outboundRelationship[typeCode=RSON].target[classCode=OBS, moodCode=EVN]"
